Messi Lionel;Cristiano Ronaldo;Ibrahimovic Zlatan
Cristiano Ronaldo;Robben Arjen;Mueller Thomas
Cristiano Ronaldo;Robben Arjen;Benzema Karim
Neymar;Robben Arjen;Cristiano Ronaldo
Cristiano Ronaldo;Mueller Thomas;Kroos Toni
Lahm Philipp;Cristiano Ronaldo;Neuer Manuel
Messi Lionel;Cristiano Ronaldo;Iniesta Andres
Courtois Thibaut;Messi Lionel;Di Maria Angel
Di Maria Angel;Iniesta Andres;Mascherano Javier
Lahm Philipp;Messi Lionel;Neuer Manuel
Cristiano Ronaldo;Kroos Toni;Neymar
Cristiano Ronaldo;Kroos Toni;Toure Yaya
Cristiano Ronaldo;Robben Arjen;Neuer Manuel
Cristiano Ronaldo;Neuer Manuel;Robben Arjen
Cristiano Ronaldo;Neymar;Robben Arjen
Cristiano Ronaldo;Neymar;Ramos Sergio
Messi Lionel;Cristiano Ronaldo;Robben Arjen
Messi Lionel;Cristiano Ronaldo;Neymar
Neuer Manuel;Cristiano Ronaldo;Robben Arjen
Courtois Thibaut;Hazard Eden;Robben Arjen
Messi Lionel;Cristiano Ronaldo;Neymar
Cristiano Ronaldo;Messi Lionel;Neuer Manuel
Cristiano Ronaldo;Hazard Eden;Costa Diego
Di Maria Angel;Cristiano Ronaldo;Messi Lionel
Cristiano Ronaldo;Messi Lionel;Robben Arjen
Messi Lionel;Cristiano Ronaldo;Mascherano Javier
Cristiano Ronaldo;Di Maria Angel;Toure Yaya
Lahm Philipp;Robben Arjen;Cristiano Ronaldo
Cristiano Ronaldo;Ibrahimovic Zlatan;Mueller Thomas
Cristiano Ronaldo;Messi Lionel;Benzema Karim
Cristiano Ronaldo;Messi Lionel;Toure Yaya
Messi Lionel;Benzema Karim;Iniesta Andres
Cristiano Ronaldo;Robben Arjen;Neuer Manuel
Mueller Thomas;Neuer Manuel;Robben Arjen
Cristiano Ronaldo;Robben Arjen;Di Maria Angel
Cristiano Ronaldo;Messi Lionel;Hazard Eden
Messi Lionel;Cristiano Ronaldo;Neymar
Messi Lionel;Iniesta Andres;Neuer Manuel
Cristiano Ronaldo;Messi Lionel;Mueller Thomas
Neuer Manuel;Robben Arjen;Neymar
Rodriguez James;Cristiano Ronaldo;Di Maria Angel
Messi Lionel;Robben Arjen;Lahm Philipp
Messi Lionel;Toure Yaya;Pogba Paul
Cristiano Ronaldo;Toure Yaya;Messi Lionel
Messi Lionel;Cristiano Ronaldo;Di Maria Angel
Cristiano Ronaldo;Iniesta Andres;Robben Arjen
Cristiano Ronaldo;Schweinsteiger Bastian;Robben Arjen
Cristiano Ronaldo;Neymar;Rodriguez James
Messi Lionel;Rodriguez James;Kroos Toni
Cristiano Ronaldo;Robben Arjen;Messi Lionel
Cristiano Ronaldo;Messi Lionel;Schweinsteiger Bastian
Cristiano Ronaldo;Messi Lionel;Neuer Manuel
Messi Lionel;Robben Arjen;Neuer Manuel
Cristiano Ronaldo;Messi Lionel;Kroos Toni
Cristiano Ronaldo;Messi Lionel;Ramos Sergio
Robben Arjen;Cristiano Ronaldo;Kroos Toni
Cristiano Ronaldo;Messi Lionel;Neuer Manuel
Cristiano Ronaldo;Messi Lionel;Mueller Thomas
Cristiano Ronaldo;Kroos Toni;Bale Gareth
Lahm Philipp;Cristiano Ronaldo;Neuer Manuel
Cristiano Ronaldo;Messi Lionel;Neuer Manuel
Cristiano Ronaldo;Messi Lionel;Ibrahimovic Zlatan
Messi Lionel;Cristiano Ronaldo;Neuer Manuel
Cristiano Ronaldo;Messi Lionel;Ibrahimovic Zlatan
Cristiano Ronaldo;Benzema Karim;Neuer Manuel
Cristiano Ronaldo;Neuer Manuel;Hazard Eden
Messi Lionel;Cristiano Ronaldo;Neymar
Iniesta Andres;Cristiano Ronaldo;Messi Lionel
Neuer Manuel;Lahm Philipp;Mueller Thomas
Cristiano Ronaldo;Messi Lionel;Kroos Toni
Robben Arjen;Cristiano Ronaldo;Lahm Philipp
Cristiano Ronaldo;Messi Lionel;Hazard Eden
Mueller Thomas;Robben Arjen;Neuer Manuel
Cristiano Ronaldo;Messi Lionel;Neymar
Messi Lionel;Robben Arjen;Rodriguez James
Cristiano Ronaldo;Benzema Karim;Messi Lionel
Messi Lionel;Cristiano Ronaldo;Iniesta Andres
Neuer Manuel;Cristiano Ronaldo;Messi Lionel
Cristiano Ronaldo;Robben Arjen;Messi Lionel
Neuer Manuel;Mueller Thomas;Cristiano Ronaldo
Cristiano Ronaldo;Neymar;Messi Lionel
Cristiano Ronaldo;Messi Lionel;Neuer Manuel
Cristiano Ronaldo;Messi Lionel;Costa Diego
Cristiano Ronaldo;Messi Lionel;Neuer Manuel
Cristiano Ronaldo;Messi Lionel;Robben Arjen
Neuer Manuel;Bale Gareth;Cristiano Ronaldo
Messi Lionel;Cristiano Ronaldo;Neymar
Cristiano Ronaldo;Ibrahimovic Zlatan;Kroos Toni
Cristiano Ronaldo;Toure Yaya;Messi Lionel
Messi Lionel;Cristiano Ronaldo;Hazard Eden
Cristiano Ronaldo;Mueller Thomas;Neuer Manuel
Cristiano Ronaldo;Lahm Philipp;Messi Lionel
Neuer Manuel;Goetze Mario;Robben Arjen
Cristiano Ronaldo;Messi Lionel;Mueller Thomas
Cristiano Ronaldo;Messi Lionel;Neuer Manuel
Cristiano Ronaldo;Messi Lionel;Toure Yaya
Cristiano Ronaldo;Messi Lionel;Costa Diego
Neuer Manuel;Cristiano Ronaldo;Robben Arjen
Cristiano Ronaldo;Mueller Thomas;Messi Lionel
Cristiano Ronaldo;Mueller Thomas;Neuer Manuel
Cristiano Ronaldo;Robben Arjen;Messi Lionel
Lahm Philipp;Mascherano Javier;Cristiano Ronaldo
Cristiano Ronaldo;Ibrahimovic Zlatan;Messi Lionel
Cristiano Ronaldo;Messi Lionel;Neymar
Cristiano Ronaldo;Neuer Manuel;Toure Yaya
Bale Gareth;Robben Arjen;Messi Lionel
Messi Lionel;Cristiano Ronaldo;Neuer Manuel
Cristiano Ronaldo;Messi Lionel;Neuer Manuel
Lahm Philipp;Di Maria Angel;Cristiano Ronaldo
Neuer Manuel;Mueller Thomas;Robben Arjen
Cristiano Ronaldo;Messi Lionel;Neuer Manuel
Ibrahimovic Zlatan;Cristiano Ronaldo;Mueller Thomas
Costa Diego;Hazard Eden;Neymar
Neuer Manuel;Cristiano Ronaldo;Lahm Philipp
Kroos Toni;Cristiano Ronaldo;Mueller Thomas
Cristiano Ronaldo;Neuer Manuel;Robben Arjen
Cristiano Ronaldo;Mueller Thomas;Messi Lionel
Cristiano Ronaldo;Messi Lionel;Neuer Manuel
Robben Arjen;Ibrahimovic Zlatan;Neuer Manuel
Cristiano Ronaldo;Mueller Thomas;Messi Lionel
Cristiano Ronaldo;Rodriguez James;Costa Diego
Cristiano Ronaldo;Kroos Toni;Mueller Thomas
Cristiano Ronaldo;Toure Yaya;Benzema Karim
Cristiano Ronaldo;Ibrahimovic Zlatan;Toure Yaya
Cristiano Ronaldo;Ibrahimovic Zlatan;Messi Lionel
Neuer Manuel;Mueller Thomas;Cristiano Ronaldo
Cristiano Ronaldo;Robben Arjen;Neymar
Messi Lionel;Neuer Manuel;Neymar
Messi Lionel;Cristiano Ronaldo;Rodriguez James
Cristiano Ronaldo;Robben Arjen;Lahm Philipp
Neuer Manuel;Cristiano Ronaldo;Di Maria Angel
Cristiano Ronaldo;Messi Lionel;Neuer Manuel
Cristiano Ronaldo;Neuer Manuel;Schweinsteiger Bastian
Ramos Sergio;Bale Gareth;Benzema Karim
Neuer Manuel;Neymar;Mueller Thomas
Cristiano Ronaldo;Robben Arjen;Lahm Philipp
Cristiano Ronaldo;Messi Lionel;Bale Gareth
Neuer Manuel;Costa Diego;Messi Lionel
Neuer Manuel;Cristiano Ronaldo;Robben Arjen
Cristiano Ronaldo;Toure Yaya;Messi Lionel
Messi Lionel;Cristiano Ronaldo;Neymar
Cristiano Ronaldo;Messi Lionel;Robben Arjen
Cristiano Ronaldo;Lahm Philipp;Neuer Manuel
Cristiano Ronaldo;Robben Arjen;Neuer Manuel
Cristiano Ronaldo;Neuer Manuel;Messi Lionel
Cristiano Ronaldo;Messi Lionel;Hazard Eden
Cristiano Ronaldo;Robben Arjen;Messi Lionel
Courtois Thibaut;Messi Lionel;Neymar
Cristiano Ronaldo;Messi Lionel;Mueller Thomas
Cristiano Ronaldo;Benzema Karim;Hazard Eden
Cristiano Ronaldo;Costa Diego;Robben Arjen
Neuer Manuel;Lahm Philipp;Goetze Mario
Cristiano Ronaldo;Messi Lionel;Lahm Philipp
Cristiano Ronaldo;Neuer Manuel;Lahm Philipp
Cristiano Ronaldo;Ramos Sergio;Mueller Thomas
Messi Lionel;Robben Arjen;Cristiano Ronaldo
Messi Lionel;Cristiano Ronaldo;Robben Arjen
Goetze Mario;Messi Lionel;Cristiano Ronaldo
Messi Lionel;Cristiano Ronaldo;Robben Arjen
Lahm Philipp;Messi Lionel;Mueller Thomas
Neuer Manuel;Mueller Thomas;Messi Lionel
Cristiano Ronaldo;Neuer Manuel;Messi Lionel
Messi Lionel;Neuer Manuel;Cristiano Ronaldo
Cristiano Ronaldo;Robben Arjen;Neymar
Messi Lionel;Neymar;Ramos Sergio
Neuer Manuel;Benzema Karim;Iniesta Andres
Messi Lionel;Cristiano Ronaldo;Robben Arjen
Messi Lionel;Cristiano Ronaldo;Mueller Thomas
Cristiano Ronaldo;Robben Arjen;Mascherano Javier
Cristiano Ronaldo;Robben Arjen;Benzema Karim
Cristiano Ronaldo;Bale Gareth;Hazard Eden
Neuer Manuel;Mueller Thomas;Cristiano Ronaldo
Neuer Manuel;Kroos Toni;Cristiano Ronaldo
Costa Diego;Courtois Thibaut;Robben Arjen
Neuer Manuel;Cristiano Ronaldo;Mueller Thomas
Cristiano Ronaldo;Messi Lionel;Mueller Thomas
Mueller Thomas;Messi Lionel;Cristiano Ronaldo
Cristiano Ronaldo;Neuer Manuel;Robben Arjen
Neuer Manuel;Cristiano Ronaldo;Messi Lionel
Bale Gareth;Schweinsteiger Bastian;Hazard Eden
Di Maria Angel;Neuer Manuel;Messi Lionel
Cristiano Ronaldo;Messi Lionel;Hazard Eden
Ibrahimovic Zlatan;Cristiano Ronaldo;Messi Lionel
Cristiano Ronaldo;Lahm Philipp;Robben Arjen
Lahm Philipp;Messi Lionel;Robben Arjen
Neymar;Messi Lionel;Cristiano Ronaldo
Mueller Thomas;Cristiano Ronaldo;Messi Lionel
Cristiano Ronaldo;Robben Arjen;Messi Lionel
Cristiano Ronaldo;Messi Lionel;Mueller Thomas
Neuer Manuel;Cristiano Ronaldo;Messi Lionel
Messi Lionel;Di Maria Angel;Mascherano Javier
Cristiano Ronaldo;Neuer Manuel;Mueller Thomas
Robben Arjen;Costa Diego;Cristiano Ronaldo
Cristiano Ronaldo;Messi Lionel;Neuer Manuel
Cristiano Ronaldo;Di Maria Angel;Neuer Manuel
Robben Arjen;Di Maria Angel;Cristiano Ronaldo
Neymar;Cristiano Ronaldo;Kroos Toni
Neuer Manuel;Messi Lionel;Schweinsteiger Bastian
Cristiano Ronaldo;Messi Lionel;Neymar
Cristiano Ronaldo;Neymar;Messi Lionel
Mascherano Javier;Neuer Manuel;Mueller Thomas
Robben Arjen;Neuer Manuel;Courtois Thibaut
Cristiano Ronaldo;Ibrahimovic Zlatan;Messi Lionel
Cristiano Ronaldo;Messi Lionel;Neuer Manuel
Messi Lionel;Robben Arjen;Mueller Thomas
Messi Lionel;Cristiano Ronaldo;Di Maria Angel
Cristiano Ronaldo;Messi Lionel;Robben Arjen
Neymar;Cristiano Ronaldo;Ibrahimovic Zlatan
Neuer Manuel;Messi Lionel;Cristiano Ronaldo
Neymar;Rodriguez James;Mueller Thomas
Cristiano Ronaldo;Neuer Manuel;Kroos Toni
Cristiano Ronaldo;Toure Yaya;Messi Lionel
Neuer Manuel;Robben Arjen;Lahm Philipp
Cristiano Ronaldo;Messi Lionel;Lahm Philipp
Robben Arjen;Rodriguez James;Toure Yaya
Cristiano Ronaldo;Ramos Sergio;Robben Arjen
Cristiano Ronaldo;Robben Arjen;Di Maria Angel
Cristiano Ronaldo;Robben Arjen;Neuer Manuel
Cristiano Ronaldo;Robben Arjen;Messi Lionel
Mueller Thomas;Messi Lionel;Robben Arjen
Bale Gareth;Costa Diego;Messi Lionel
Rodriguez James;Messi Lionel;Cristiano Ronaldo
Mueller Thomas;Neuer Manuel;Cristiano Ronaldo
Neuer Manuel;Robben Arjen;Toure Yaya
Messi Lionel;Cristiano Ronaldo;Toure Yaya
Messi Lionel;Cristiano Ronaldo;Di Maria Angel
Cristiano Ronaldo;Kroos Toni;Neuer Manuel
Cristiano Ronaldo;Neuer Manuel;Messi Lionel
Lahm Philipp;Neuer Manuel;Schweinsteiger Bastian
Cristiano Ronaldo;Neymar;Rodriguez James
Neuer Manuel;Messi Lionel;Cristiano Ronaldo
Cristiano Ronaldo;Robben Arjen;Neuer Manuel
Robben Arjen;Lahm Philipp;Neuer Manuel
Cristiano Ronaldo;Robben Arjen;Messi Lionel
Messi Lionel;Neuer Manuel;Robben Arjen
Neuer Manuel;Cristiano Ronaldo;Messi Lionel
Cristiano Ronaldo;Messi Lionel;Robben Arjen
Kroos Toni;Pogba Paul;Rodriguez James
Cristiano Ronaldo;Messi Lionel;Neuer Manuel
Iniesta Andres;Messi Lionel;Neymar
Mascherano Javier;Lahm Philipp;Neuer Manuel
Neuer Manuel;Cristiano Ronaldo;Robben Arjen
Cristiano Ronaldo;Messi Lionel;Neuer Manuel
Cristiano Ronaldo;Robben Arjen;Messi Lionel
Cristiano Ronaldo;Messi Lionel;Neymar
Neuer Manuel;Cristiano Ronaldo;Messi Lionel
Cristiano Ronaldo;Neuer Manuel;Benzema Karim
Neuer Manuel;Robben Arjen;Cristiano Ronaldo
Messi Lionel;Cristiano Ronaldo;Rodriguez James
Cristiano Ronaldo;Neuer Manuel;Robben Arjen
Neuer Manuel;Lahm Philipp;Schweinsteiger Bastian
Cristiano Ronaldo;Messi Lionel;Mueller Thomas
Neuer Manuel;Cristiano Ronaldo;Robben Arjen
Cristiano Ronaldo;Toure Yaya;Messi Lionel
Neuer Manuel;Robben Arjen;Lahm Philipp
Messi Lionel;Cristiano Ronaldo;Rodriguez James
Robben Arjen;Neymar;Messi Lionel
Cristiano Ronaldo;Messi Lionel;Neymar
Neuer Manuel;Robben Arjen;Toure Yaya
Neuer Manuel;Cristiano Ronaldo;Lahm Philipp
Neuer Manuel;Robben Arjen;Cristiano Ronaldo
Cristiano Ronaldo;Neuer Manuel;Mueller Thomas
Cristiano Ronaldo;Messi Lionel;Neuer Manuel
Cristiano Ronaldo;Messi Lionel;Neuer Manuel
Cristiano Ronaldo;Robben Arjen;Neuer Manuel
Cristiano Ronaldo;Messi Lionel;Neuer Manuel
Neuer Manuel;Robben Arjen;Messi Lionel
Courtois Thibaut;Neuer Manuel;Iniesta Andres
Messi Lionel;Cristiano Ronaldo;Neymar
Robben Arjen;Cristiano Ronaldo;Di Maria Angel
Mueller Thomas;Iniesta Andres;Costa Diego
Cristiano Ronaldo;Neuer Manuel;Di Maria Angel
Cristiano Ronaldo;Neuer Manuel;Mueller Thomas
Mueller Thomas;Neuer Manuel;Lahm Philipp
Cristiano Ronaldo;Messi Lionel;Lahm Philipp
Messi Lionel;Robben Arjen;Neuer Manuel
Cristiano Ronaldo;Messi Lionel;Neuer Manuel
Messi Lionel;Cristiano Ronaldo;Toure Yaya
Cristiano Ronaldo;Messi Lionel;Costa Diego
Cristiano Ronaldo;Robben Arjen;Neuer Manuel
Messi Lionel;Neuer Manuel;Robben Arjen
Cristiano Ronaldo;Neuer Manuel;Neymar
Messi Lionel;Neuer Manuel;Robben Arjen
Cristiano Ronaldo;Messi Lionel;Neuer Manuel
Cristiano Ronaldo;Messi Lionel;Neymar
Cristiano Ronaldo;Messi Lionel;Neymar
Neuer Manuel;Cristiano Ronaldo;Mascherano Javier
Goetze Mario;Mueller Thomas;Robben Arjen
Cristiano Ronaldo;Messi Lionel;Costa Diego
Cristiano Ronaldo;Messi Lionel;Mueller Thomas
Cristiano Ronaldo;Lahm Philipp;Kroos Toni
Neuer Manuel;Robben Arjen;Messi Lionel
Mueller Thomas;Goetze Mario;Messi Lionel
Cristiano Ronaldo;Mueller Thomas;Messi Lionel
Neuer Manuel;Cristiano Ronaldo;Messi Lionel
Cristiano Ronaldo;Messi Lionel;Neuer Manuel
Robben Arjen;Messi Lionel;Cristiano Ronaldo
Messi Lionel;Neuer Manuel;Cristiano Ronaldo
Cristiano Ronaldo;Mueller Thomas;Messi Lionel
Cristiano Ronaldo;Messi Lionel;Costa Diego
Robben Arjen;Mueller Thomas;Cristiano Ronaldo
Cristiano Ronaldo;Neuer Manuel;Mueller Thomas
Cristiano Ronaldo;Costa Diego;Bale Gareth
Cristiano Ronaldo;Mueller Thomas;Lahm Philipp
Neuer Manuel;Schweinsteiger Bastian;Toure Yaya
Cristiano Ronaldo;Toure Yaya;Lahm Philipp
Cristiano Ronaldo;Robben Arjen;Neuer Manuel
Cristiano Ronaldo;Neuer Manuel;Benzema Karim
Messi Lionel;Neuer Manuel;Neymar
Messi Lionel;Cristiano Ronaldo;Kroos Toni
Cristiano Ronaldo;Messi Lionel;Mueller Thomas
Cristiano Ronaldo;Neymar;Messi Lionel
Messi Lionel;Cristiano Ronaldo;Neuer Manuel
Neuer Manuel;Cristiano Ronaldo;Messi Lionel
Cristiano Ronaldo;Neuer Manuel;Robben Arjen
Neuer Manuel;Robben Arjen;Cristiano Ronaldo
Cristiano Ronaldo;Neuer Manuel;Kroos Toni
Cristiano Ronaldo;Messi Lionel;Costa Diego
Cristiano Ronaldo;Mueller Thomas;Messi Lionel
Neuer Manuel;Cristiano Ronaldo;Messi Lionel
Cristiano Ronaldo;Messi Lionel;Rodriguez James
Neuer Manuel;Goetze Mario;Messi Lionel
Neuer Manuel;Cristiano Ronaldo;Mueller Thomas
Iniesta Andres;Cristiano Ronaldo;Messi Lionel
Cristiano Ronaldo;Costa Diego;Robben Arjen
Cristiano Ronaldo;Messi Lionel;Neuer Manuel
Cristiano Ronaldo;Messi Lionel;Schweinsteiger Bastian
Cristiano Ronaldo;Robben Arjen;Messi Lionel
Cristiano Ronaldo;Messi Lionel;Neymar
Neuer Manuel;Mueller Thomas;Messi Lionel
Cristiano Ronaldo;Neuer Manuel;Ibrahimovic Zlatan
Mueller Thomas;Cristiano Ronaldo;Neuer Manuel
Neuer Manuel;Mueller Thomas;Lahm Philipp
Messi Lionel;Neuer Manuel;Pogba Paul
Kroos Toni;Messi Lionel;Costa Diego
Cristiano Ronaldo;Lahm Philipp;Ramos Sergio
Neuer Manuel;Kroos Toni;Mueller Thomas
Cristiano Ronaldo;Messi Lionel;Mueller Thomas
Goetze Mario;Costa Diego;Rodriguez James
Messi Lionel;Cristiano Ronaldo;Robben Arjen
Lahm Philipp;Messi Lionel;Mueller Thomas
Cristiano Ronaldo;Kroos Toni;Messi Lionel
Cristiano Ronaldo;Neuer Manuel;Messi Lionel
Ibrahimovic Zlatan;Neuer Manuel;Messi Lionel
Cristiano Ronaldo;Neuer Manuel;Robben Arjen
Messi Lionel;Cristiano Ronaldo;Iniesta Andres
Neuer Manuel;Benzema Karim;Ibrahimovic Zlatan
Neuer Manuel;Robben Arjen;Mueller Thomas
Robben Arjen;Messi Lionel;Cristiano Ronaldo
Cristiano Ronaldo;Messi Lionel;Lahm Philipp
Cristiano Ronaldo;Robben Arjen;Benzema Karim
Cristiano Ronaldo;Bale Gareth;Hazard Eden
Cristiano Ronaldo;Messi Lionel;Neuer Manuel
Cristiano Ronaldo;Robben Arjen;Mueller Thomas
Cristiano Ronaldo;Neuer Manuel;Robben Arjen
Cristiano Ronaldo;Costa Diego;Messi Lionel
Neuer Manuel;Cristiano Ronaldo;Robben Arjen
Mueller Thomas;Messi Lionel;Robben Arjen
Rodriguez James;Robben Arjen;Messi Lionel
Cristiano Ronaldo;Neuer Manuel;Bale Gareth
Bale Gareth;Cristiano Ronaldo;Schweinsteiger Bastian
Cristiano Ronaldo;Messi Lionel;Neuer Manuel
Cristiano Ronaldo;Messi Lionel;Toure Yaya
Neuer Manuel;Cristiano Ronaldo;Messi Lionel
Cristiano Ronaldo;Neuer Manuel;Messi Lionel
Neuer Manuel;Mueller Thomas;Di Maria Angel
Cristiano Ronaldo;Di Maria Angel;Neuer Manuel
Goetze Mario;Messi Lionel;Neymar
Messi Lionel;Cristiano Ronaldo;Neuer Manuel
Neuer Manuel;Cristiano Ronaldo;Messi Lionel
Mueller Thomas;Messi Lionel;Cristiano Ronaldo
Neuer Manuel;Cristiano Ronaldo;Lahm Philipp
Cristiano Ronaldo;Neuer Manuel;Lahm Philipp
Cristiano Ronaldo;Lahm Philipp;Robben Arjen
Cristiano Ronaldo;Neuer Manuel;Neymar
Cristiano Ronaldo;Messi Lionel;Neuer Manuel
Cristiano Ronaldo;Mueller Thomas;Robben Arjen
Neuer Manuel;Cristiano Ronaldo;Rodriguez James
Messi Lionel;Rodriguez James;Cristiano Ronaldo
Cristiano Ronaldo;Messi Lionel;Neymar
Cristiano Ronaldo;Messi Lionel;Neuer Manuel
Rodriguez James;Pogba Paul;Mueller Thomas
Rodriguez James;Mascherano Javier;Neymar
Mueller Thomas;Cristiano Ronaldo;Ibrahimovic Zlatan
Cristiano Ronaldo;Messi Lionel;Robben Arjen
Cristiano Ronaldo;Robben Arjen;Mueller Thomas
Cristiano Ronaldo;Messi Lionel;Mueller Thomas
Neuer Manuel;Robben Arjen;Di Maria Angel
Mueller Thomas;Costa Diego;Ramos Sergio
Cristiano Ronaldo;Mascherano Javier;Kroos Toni
Cristiano Ronaldo;Mueller Thomas;Costa Diego
Neuer Manuel;Benzema Karim;Neymar
Cristiano Ronaldo;Mueller Thomas;Messi Lionel
Mueller Thomas;Cristiano Ronaldo;Di Maria Angel
Cristiano Ronaldo;Messi Lionel;Neymar
Cristiano Ronaldo;Neymar;Benzema Karim
Robben Arjen;Cristiano Ronaldo;Rodriguez James
Cristiano Ronaldo;Neuer Manuel;Mueller Thomas
Schweinsteiger Bastian;Cristiano Ronaldo;Rodriguez James
Cristiano Ronaldo;Lahm Philipp;Robben Arjen
Cristiano Ronaldo;Messi Lionel;Neymar
Cristiano Ronaldo;Goetze Mario;Robben Arjen
Kroos Toni;Cristiano Ronaldo;Rodriguez James
Cristiano Ronaldo;Toure Yaya;Neuer Manuel
Cristiano Ronaldo;Neuer Manuel;Rodriguez James
Cristiano Ronaldo;Messi Lionel;Neuer Manuel
Cristiano Ronaldo;Robben Arjen;Neuer Manuel
Cristiano Ronaldo;Neuer Manuel;Robben Arjen
Mueller Thomas;Robben Arjen;Cristiano Ronaldo
Cristiano Ronaldo;Robben Arjen;Lahm Philipp
Benzema Karim;Ibrahimovic Zlatan;Messi Lionel
Cristiano Ronaldo;Messi Lionel;Robben Arjen
Cristiano Ronaldo;Neuer Manuel;Messi Lionel
Cristiano Ronaldo;Mueller Thomas;Robben Arjen
Neuer Manuel;Cristiano Ronaldo;Messi Lionel
Cristiano Ronaldo;Neuer Manuel;Lahm Philipp
Neuer Manuel;Robben Arjen;Cristiano Ronaldo
Neuer Manuel;Cristiano Ronaldo;Messi Lionel
Neuer Manuel;Cristiano Ronaldo;Lahm Philipp
Cristiano Ronaldo;Messi Lionel;Neuer Manuel
Cristiano Ronaldo;Neymar;Rodriguez James
Neuer Manuel;Mueller Thomas;Cristiano Ronaldo
Cristiano Ronaldo;Robben Arjen;Neuer Manuel
Neuer Manuel;Cristiano Ronaldo;Costa Diego
Cristiano Ronaldo;Neuer Manuel;Messi Lionel
Cristiano Ronaldo;Neuer Manuel;Robben Arjen
Cristiano Ronaldo;Messi Lionel;Bale Gareth
Neuer Manuel;Mueller Thomas;Lahm Philipp
Cristiano Ronaldo;Lahm Philipp;Messi Lionel
Neuer Manuel;Robben Arjen;Cristiano Ronaldo
Mueller Thomas;Messi Lionel;Toure Yaya
Neuer Manuel;Lahm Philipp;Cristiano Ronaldo
Cristiano Ronaldo;Neuer Manuel;Neymar
Cristiano Ronaldo;Hazard Eden;Messi Lionel
Cristiano Ronaldo;Neymar;Messi Lionel
Neuer Manuel;Cristiano Ronaldo;Messi Lionel
Cristiano Ronaldo;Mueller Thomas;Neymar
Cristiano Ronaldo;Neuer Manuel;Messi Lionel
Cristiano Ronaldo;Lahm Philipp;Neuer Manuel
Cristiano Ronaldo;Messi Lionel;Neuer Manuel
Mueller Thomas;Lahm Philipp;Neuer Manuel
Cristiano Ronaldo;Neuer Manuel;Robben Arjen
Cristiano Ronaldo;Mueller Thomas;Messi Lionel
Cristiano Ronaldo;Neuer Manuel;Di Maria Angel
Cristiano Ronaldo;Mueller Thomas;Messi Lionel
Cristiano Ronaldo;Neuer Manuel;Robben Arjen
Cristiano Ronaldo;Neuer Manuel;Di Maria Angel
Neuer Manuel;Kroos Toni;Cristiano Ronaldo
Neuer Manuel;Cristiano Ronaldo;Messi Lionel
Cristiano Ronaldo;Neuer Manuel;Messi Lionel
Cristiano Ronaldo;Neuer Manuel;Messi Lionel
Robben Arjen;Mueller Thomas;Neymar
Cristiano Ronaldo;Lahm Philipp;Messi Lionel
Neuer Manuel;Cristiano Ronaldo;Messi Lionel
Robben Arjen;Pogba Paul;Bale Gareth
Cristiano Ronaldo;Messi Lionel;Robben Arjen
Cristiano Ronaldo;Neuer Manuel;Messi Lionel
Di Maria Angel;Neuer Manuel;Rodriguez James
Neuer Manuel;Cristiano Ronaldo;Messi Lionel
Cristiano Ronaldo;Messi Lionel;Neuer Manuel
Cristiano Ronaldo;Robben Arjen;Di Maria Angel
Neymar;Mueller Thomas;Benzema Karim
Neuer Manuel;Cristiano Ronaldo;Messi Lionel
Lahm Philipp;Neuer Manuel;Cristiano Ronaldo
Cristiano Ronaldo;Messi Lionel;Neymar
Cristiano Ronaldo;Messi Lionel;Mueller Thomas
Cristiano Ronaldo;Neuer Manuel;Pogba Paul
Robben Arjen;Bale Gareth;Di Maria Angel
Cristiano Ronaldo;Neuer Manuel;Messi Lionel
Cristiano Ronaldo;Kroos Toni;Di Maria Angel
Neuer Manuel;Robben Arjen;Messi Lionel
Mueller Thomas;Cristiano Ronaldo;Costa Diego
Cristiano Ronaldo;Mueller Thomas;Neuer Manuel
Cristiano Ronaldo;Neuer Manuel;Lahm Philipp
Cristiano Ronaldo;Mueller Thomas;Messi Lionel
Neuer Manuel;Robben Arjen;Cristiano Ronaldo
Neuer Manuel;Messi Lionel;Mueller Thomas
Cristiano Ronaldo;Neuer Manuel;Robben Arjen
Mueller Thomas;Neuer Manuel;Benzema Karim
Cristiano Ronaldo;Messi Lionel;Neuer Manuel
Cristiano Ronaldo;Robben Arjen;Mueller Thomas
Kroos Toni;Neuer Manuel;Cristiano Ronaldo
Messi Lionel;Cristiano Ronaldo;Schweinsteiger Bastian
Cristiano Ronaldo;Messi Lionel;Neymar
Cristiano Ronaldo;Mueller Thomas;Messi Lionel
Cristiano Ronaldo;Neuer Manuel;Messi Lionel
Cristiano Ronaldo;Neuer Manuel;Lahm Philipp
Cristiano Ronaldo;Messi Lionel;Neuer Manuel
Cristiano Ronaldo;Neuer Manuel;Hazard Eden
Cristiano Ronaldo;Robben Arjen;Neuer Manuel
Cristiano Ronaldo;Messi Lionel;Rodriguez James
Cristiano Ronaldo;Neuer Manuel;Rodriguez James
Cristiano Ronaldo;Neuer Manuel;Mueller Thomas
Cristiano Ronaldo;Messi Lionel;Neuer Manuel
Cristiano Ronaldo;Robben Arjen;Di Maria Angel
Cristiano Ronaldo;Neuer Manuel;Messi Lionel
Cristiano Ronaldo;Neuer Manuel;Mueller Thomas
Neuer Manuel;Cristiano Ronaldo;Courtois Thibaut
Cristiano Ronaldo;Robben Arjen;Mueller Thomas
Cristiano Ronaldo;Messi Lionel;Mueller Thomas
Mueller Thomas;Cristiano Ronaldo;Robben Arjen
Cristiano Ronaldo;Mueller Thomas;Messi Lionel
Cristiano Ronaldo;Neuer Manuel;Messi Lionel
Cristiano Ronaldo;Neuer Manuel;Toure Yaya
Cristiano Ronaldo;Messi Lionel;Schweinsteiger Bastian
Cristiano Ronaldo;Messi Lionel;Lahm Philipp
Cristiano Ronaldo;Messi Lionel;Neuer Manuel
Cristiano Ronaldo;Messi Lionel;Neuer Manuel
Cristiano Ronaldo;Neuer Manuel;Messi Lionel
Cristiano Ronaldo;Neuer Manuel;Robben Arjen
Lahm Philipp;Cristiano Ronaldo;Messi Lionel
Cristiano Ronaldo;Neuer Manuel;Messi Lionel
Cristiano Ronaldo;Neuer Manuel;Messi Lionel
Cristiano Ronaldo;Messi Lionel;Neymar
Goetze Mario;Rodriguez James;Messi Lionel
Cristiano Ronaldo;Mascherano Javier;Mueller Thomas
Cristiano Ronaldo;Kroos Toni;Neuer Manuel
Neuer Manuel;Cristiano Ronaldo;Messi Lionel
Neuer Manuel;Cristiano Ronaldo;Lahm Philipp
Cristiano Ronaldo;Neuer Manuel;Robben Arjen
Cristiano Ronaldo;Di Maria Angel;Ibrahimovic Zlatan
Pogba Paul;Rodriguez James;Neuer Manuel
Cristiano Ronaldo;Messi Lionel;Robben Arjen
Cristiano Ronaldo;Messi Lionel;Mueller Thomas
Neuer Manuel;Cristiano Ronaldo;Lahm Philipp
Cristiano Ronaldo;Goetze Mario;Neuer Manuel
Cristiano Ronaldo;Di Maria Angel;Neymar
Neuer Manuel;Cristiano Ronaldo;Messi Lionel
Cristiano Ronaldo;Rodriguez James;Neuer Manuel
Messi Lionel;Neuer Manuel;Cristiano Ronaldo
Rodriguez James;Neuer Manuel;Lahm Philipp
Cristiano Ronaldo;Neuer Manuel;Messi Lionel
Mueller Thomas;Neuer Manuel;Cristiano Ronaldo
Neuer Manuel;Robben Arjen;Cristiano Ronaldo
Schweinsteiger Bastian;Robben Arjen;Messi Lionel
Cristiano Ronaldo;Messi Lionel;Lahm Philipp
Cristiano Ronaldo;Robben Arjen;Mueller Thomas
Bale Gareth;Pogba Paul;Ibrahimovic Zlatan
Cristiano Ronaldo;Messi Lionel;Mueller Thomas
Cristiano Ronaldo;Messi Lionel;Neuer Manuel
Cristiano Ronaldo;Bale Gareth;Mueller Thomas
Cristiano Ronaldo;Messi Lionel;Ibrahimovic Zlatan
Cristiano Ronaldo;Messi Lionel;Mueller Thomas
Cristiano Ronaldo;Messi Lionel;Lahm Philipp